Platform Name,Resource Type,Primary Language,Focus / Description,Reference URL
Tata 1mg,Website,Hindi & English,"Extensive database showing medicine uses, side effects, and cost-effective generic alternatives in simple Hindi/English terms.",https://www.1mg.com
myUpchar,Website,Hindi,"India's largest dedicated health portal with doctor-vetted guides on daily medicines, dosages, and common medical ailments.",https://www.myupchar.com
OnlyMyHealth Hindi,Website,Hindi,"Consumer-focused health and wellness lifestyle portal featuring easy-to-read articles on common tablets, syrups, and home remedies.",https://www.onlymyhealth.com/hindi
Netmeds Medicine Guide,Website,Hindi & English,"A consumer encyclopaedia breaking down molecule compositions, clinical warnings, and safe storage rules for everyday prescriptions.",https://www.netmeds.com
Apollo Pharmacy Knowledge,Website,Hindi & English,"Verified retail pharma platform explaining how common prescribed molecules interact with organs, foods, and other chronic drugs.",https://www.apollopharmacy.in
NHP India (National Health Portal),Website,Hindi & English,"Government-run public portal offering completely ad-free, verified health notifications and drug awareness campaigns in Hindi.",https://www.nhp.gov.in
Jagran Josh Health,Website,Hindi,"Mass media educational division breaking down medical news, virus types, and seasonal vaccination schedules for ordinary readers.",https://www.jagran.com/lifestyle/health-news-hindi.html
Navbharat Times Health,Website,Hindi,"A leading news publication presenting expert columns from top Indian doctors on common medications, side effects, and warning signs.",https://navbharattimes.indiatimes.com/lifestyle/health/articlelist/2356506.cms
Medindia Hindi,Website,Hindi & English,Dedicated consumer drug index providing simple Hindi translations for active pharmaceutical ingredients (APIs) and commercial brands.,https://hindi.medindia.net
Healthkart,Website,Hindi & English,"Consumer health network clarifying safety, benefits, and correct usages for nutraceuticals, vitamins, and protein supplements.",https://www.healthkart.com
Indian Medical Lecture,YouTube Channel,Hindi,Highly popular channel using simple charts and whiteboards to explain which common medicines are used for specific ailments.,https://www.youtube.com/@IndianMedicalLecture
LEARN ABOUT MEDICINE,YouTube Channel,Hindi,"Dedicated pharmaceutical review channel covering real drug packaging, precise composition dosages, and dangerous drug interactions.",https://www.youtube.com/c/LEARNABOUTMEDICINE
myUpchar YouTube,YouTube Channel,Hindi,On-camera expert panel discussions where qualified Indian doctors directly address audience concerns on everyday prescription safety.,https://www.youtube.com/channel/UCKlF0QFHRoMuk2dM0YKlg5w
Hindi Medical,YouTube Channel,Hindi,"Consumer advocate channel providing unbiased, everyday reviews on household pain relievers, antibiotics, and skin creams.",https://www.youtube.com/c/hindimedical
DawaaGyan,YouTube Channel,Hindi,"Explains the science behind common pills, syrups, and injections using easy language, targeted strictly for public education.",https://www.youtube.com/@DawaaGyan
Mediscience Lecture,YouTube Channel,Hindi,"Breaks down clinical topics, drug families, and emergency medical kits into accessible video lists for common people.",https://www.youtube.com/@MediscienceLecture
Bfarma (Pharmacy Lecture),YouTube Channel,Hindi,Simplifies pharmaceutical formulations and general mechanism of actions using visual aids and ordinary real-life analogies.,https://www.youtube.com/@Bfarma
GPAT Discussion Center,YouTube Channel,Hindi & English,"Though academic, their public videos translate exact chemical classifications and drug safety profiles into understandable metrics.",https://www.youtube.com/@GDCClasses
Sanjeevani Health,YouTube Channel,Hindi,"Focuses heavily on lifestyle modifications, organic options, and warning flags for long-term dependence on common prescription pills.",https://www.youtube.com/@SanjeevaniHealth
Rx Pharma Lecture,YouTube Channel,Hindi,"Provides standard breakdowns of active drug salts, contraindications, and what instructions to double-check with your pharmacist.",https://www.youtube.com/@RxPharmaLecture
Drugs.com,Website (International),English,The ultimate independent global drug encyclopaedia. Provides consumer-grade pill identification tools and an automated interaction checker.,https://www.drugs.com
Mayo Clinic,Website (International),English,Elite non-profit academic center. Provides clinical-grade but easy-to-read deep dives on thousands of global prescription medicines.,https://www.mayoclinic.org
MedlinePlus (NIH),Website (International),English & Spanish,"Completely ad-free public database run by the US National Library of Medicine. Highly trusted for clean, unbiased patient handouts.",https://medlineplus.gov
US FDA (Food and Drug Administration),Website (International),English,"Official regulator database. Best for globally verified drug approval statuses, recent product safety recalls, and warning updates.",https://www.fda.gov
WebMD,Website (International),English,A household consumer health brand used globally for checking common prescription side effects and reviewing public patient forums.,https://www.webmd.com
Healthline,Website (International),English,High-traffic consumer wellness site mapping complex pharmacology into step-by-step guides reviewed by verified health boards.,https://www.healthline.com
Cleveland Clinic,Website (International),English,Top-tier global medical research facility offering straightforward explainers on how specific medication classes manage diseases.,https://my.clevelandclinic.org
World Health Organization (WHO),Website (International),Multilingual,"Global public health authority tracking international essential medicine lists, standard vaccine metrics, and global disease management updates.",https://www.who.int
NHS Choices (UK),Website (International),English,The UK's official health service portal. Widely loved globally for providing clear 'How and when to take' instructions for common generic medicines.,https://www.nhs.uk
RxList,Website (International),English,An internet drug index providing detailed clinical pharmacology specs alongside friendly patient guides and identifying tools.,https://www.rxlist.com
